"ID","Description","GeneRatio","BgRatio","RichFactor","FoldEnrichment","zScore","pvalue","p.adjust","qvalue","geneID","Count"
"GO:0032993","protein-DNA complex","17/2465","62/26691",0.274193548387097,2.96896551724138,4.95106261189725,3.1647203198289e-05,0.0115148183988215,0.0115148183988215,"AT1G78650/AT2G05210/AT3G10330/AT3G25100/AT5G54640/AT2G42120/AT1G52740/AT2G05642/AT3G12530/AT5G49010/AT1G54690/AT4G09680/AT5G02560/AT5G27670/AT3G09360/AT1G51060/AT1G49950",17
"GO:0005768","endosome","64/2465","424/26691",0.150943396226415,1.63441386964675,4.20041550122572,6.27510539445316e-05,0.0115148183988215,0.0115148183988215,"AT3G55920/AT3G15380/AT5G41610/AT1G53840/AT3G49720/AT3G21190/AT3G26370/AT2G06530/AT5G04920/AT3G46540/AT5G03345/AT2G33120/AT4G39840/AT1G15690/AT2G28390/AT5G46860/AT2G17990/AT1G06400/AT5G46330/AT1G06890/AT1G15960/AT5G05170/AT1G07410/AT1G27930/AT5G45550/AT2G34300/AT1G78240/AT5G44560/AT5G45130/AT1G58340/AT2G32670/AT2G38120/AT2G44610/AT1G03950/AT1G08660/AT5G14740/AT1G26850/AT4G38040/AT3G03050/AT3G14270/AT2G36900/AT4G33740/AT1G48550/AT1G10600/AT1G28340/AT1G31850/AT2G06005/AT4G01210/AT3G25140/AT4G17430/AT1G51590/AT3G60860/AT4G19640/AT3G28180/AT1G51540/AT2G29700/AT2G40280/AT3G05710/AT3G20290/AT4G00750/AT5G64030/AT1G08720/AT4G30440/AT3G61130",64
"GO:0005797","Golgi medial cisterna","15/2465","60/26691",0.25,2.70699797160243,4.22237484155778,0.000280014547432188,0.0273293843185596,0.0273293843185596,"AT3G55920/AT2G03220/AT3G49720/AT3G21190/AT3G26370/AT2G32580/AT1G27930/AT2G34300/AT1G26850/AT4G33740/AT1G31850/AT4G17430/AT1G51540/AT5G64030/AT3G61130",15
"GO:0005802","trans-Golgi network","47/2465","303/26691",0.155115511551155,1.6795895005322,3.79495499004726,0.000297867948976126,0.0273293843185596,0.0273293843185596,"AT3G55920/AT3G15380/AT1G53840/AT3G49720/AT3G22810/AT3G21190/AT3G11730/AT3G26370/AT1G02130/AT1G59870/AT4G39840/AT3G54020/AT1G06890/AT5G05170/AT1G27930/AT5G45550/AT2G34300/AT1G78240/AT3G11820/AT2G44610/AT1G08660/AT1G26850/AT1G45688/AT4G38040/AT3G03050/AT4G33740/AT1G28340/AT1G31850/AT1G28490/AT4G01210/AT3G25140/AT4G38200/AT4G17430/AT3G63300/AT1G51590/AT3G60860/AT1G71980/AT3G28180/AT1G51540/AT2G29700/AT2G40280/AT3G05710/AT4G00750/AT5G64030/AT1G08720/AT4G30440/AT3G61130",47
